INSERT INTO EType (id, maxCap, seatingType, typeName) VALUES (1, 6, 'seated', 'TeteATete')
INSERT INTO EType (id, maxCap, seatingType, typeName) VALUES (2, 1000, 'seated', 'BandoSentado')
INSERT INTO EType (id, maxCap, seatingType, typeName) VALUES (3, 500000, 'standing', 'MultidaoEmPe')
INSERT INTO Installation (id, capacity, name) VALUES (1, 5,'Micro Pavilhao')
INSERT INTO Installation (id, capacity, name) VALUES (2, 15, 'Mini Estadio')
INSERT INTO Installation (id, capacity, name) VALUES (3, 10, 'Pequeno Relvado')
INSERT INTO Seat (id, col, rw, installation_id) VALUES (1, '1', 'A', 1)
INSERT INTO Seat (id, col, rw, installation_id) VALUES (2, '2', 'A', 1)
INSERT INTO Seat (id, col, rw, installation_id) VALUES (3, '1', 'B', 1)
INSERT INTO Seat (id, col, rw, installation_id) VALUES (4, '2', 'B', 1)
INSERT INTO Seat (id, col, rw, installation_id) VALUES (5, '3', 'B', 1)
INSERT INTO Seat (id, col, rw, installation_id) VALUES (6, '1', 'A', 2)
INSERT INTO Seat (id, col, rw, installation_id) VALUES (7, '2', 'A', 2)
INSERT INTO Seat (id, col, rw, installation_id) VALUES (8, '3', 'A', 2)
INSERT INTO Seat (id, col, rw, installation_id) VALUES (9, '4', 'A', 2)
INSERT INTO Seat (id, col, rw, installation_id) VALUES (10, '5', 'A', 2)
INSERT INTO Seat (id, col, rw, installation_id) VALUES (11, '1', 'B', 2)
INSERT INTO Seat (id, col, rw, installation_id) VALUES (12, '2', 'B', 2)
INSERT INTO Seat (id, col, rw, installation_id) VALUES (13, '3', 'B', 2)
INSERT INTO Seat (id, col, rw, installation_id) VALUES (14, '4', 'B', 2)
INSERT INTO Seat (id, col, rw, installation_id) VALUES (15, '5', 'B', 2)
INSERT INTO Seat (id, col, rw, installation_id) VALUES (16, '6', 'B', 2)
INSERT INTO Seat (id, col, rw, installation_id) VALUES (17, '7', 'B', 2)
INSERT INTO Seat (id, col, rw, installation_id) VALUES (18, '8', 'B', 2)
INSERT INTO Seat (id, col, rw, installation_id) VALUES (19, '9', 'B', 2)
INSERT INTO Seat (id, col, rw, installation_id) VALUES (20, '10', 'B', 2)
INSERT INTO Producer (id, name) VALUES (1, 'una')
INSERT INTO Producer (id, name) VALUES (2, 'dua')
INSERT INTO ALLOWS_TYPES (eventTypeLicence_ID, Producer_ID) VALUES (1, 1)
INSERT INTO ALLOWS_TYPES (eventTypeLicence_ID, Producer_ID) VALUES (2, 1)
INSERT INTO ALLOWS_TYPES (eventTypeLicence_ID, Producer_ID) VALUES (2, 2)
INSERT INTO ALLOWS_TYPES (eventTypeLicence_ID, Producer_ID) VALUES (3, 2)